-- Adminer 4.8.1 MySQL 11.3.2-MariaDB-1:11.3.2+maria~ubu2204 dump

SET NAMES utf8;
SET time_zone = '+00:00';
SET foreign_key_checks = 0;
SET sql_mode = 'NO_AUTO_VALUE_ON_ZERO';

SET NAMES utf8mb4;

CREATE TABLE `applicants` (
  `id` int(11) NOT NULL AUTO_INCREMENT,
  `name` varchar(45) DEFAULT NULL,
  `email` varchar(45) DEFAULT NULL,
  `details` longblob DEFAULT NULL,
  `jobId` int(11) DEFAULT NULL,
  `cv` varchar(255) DEFAULT NULL,
  PRIMARY KEY (`id`)
) ENGINE=InnoDB DEFAULT CHARSET=utf8mb4 COLLATE=utf8mb4_unicode_ci;

INSERT INTO `applicants` (`id`, `name`, `email`, `details`, `jobId`, `cv`) VALUES
(1,	'Pratish Kalika',	'pratishkalika@gmail.com',	'djfsdkjfndsj vsdkv ds vsdnvsjdvjdsvdkjsvnksjnvkav vasknkfjiqlm;CMNVKNEV',	70,	'660e2fe438ec4.docx');

CREATE TABLE `assigned_enquiries` (
  `id` int(11) NOT NULL AUTO_INCREMENT,
  `enquiry_id` int(11) DEFAULT NULL,
  `staff_id` int(11) DEFAULT NULL,
  `assigned_at` timestamp NULL DEFAULT current_timestamp(),
  PRIMARY KEY (`id`),
  KEY `enquiry_id` (`enquiry_id`),
  KEY `staff_id` (`staff_id`),
  CONSTRAINT `assigned_enquiries_ibfk_1` FOREIGN KEY (`enquiry_id`) REFERENCES `enquiries` (`id`),
  CONSTRAINT `assigned_enquiries_ibfk_2` FOREIGN KEY (`staff_id`) REFERENCES `staff` (`staff_id`)
) ENGINE=InnoDB DEFAULT CHARSET=utf8mb4 COLLATE=utf8mb4_general_ci;

INSERT INTO `assigned_enquiries` (`id`, `enquiry_id`, `staff_id`, `assigned_at`) VALUES
(1,	31,	1,	'2024-04-20 21:50:15'),
(2,	30,	2,	'2024-04-20 21:50:19');

CREATE TABLE `category` (
  `id` int(11) NOT NULL AUTO_INCREMENT,
  `name` varchar(45) DEFAULT NULL,
  PRIMARY KEY (`id`),
  KEY `idx_category_id` (`id`)
) ENGINE=InnoDB DEFAULT CHARSET=utf8mb4 COLLATE=utf8mb4_unicode_ci;

INSERT INTO `category` (`id`, `name`) VALUES
(152,	'Engineer'),
(153,	'Accountant');

CREATE TABLE `clients` (
  `client_id` int(11) NOT NULL AUTO_INCREMENT,
  `company` varchar(255) NOT NULL,
  `contact_person` varchar(255) NOT NULL,
  `username` varchar(50) NOT NULL,
  `password` varchar(255) NOT NULL,
  `email` varchar(255) NOT NULL,
  `phone` varchar(20) DEFAULT NULL,
  `address` varchar(255) DEFAULT NULL,
  PRIMARY KEY (`client_id`)
) ENGINE=InnoDB DEFAULT CHARSET=utf8mb4 COLLATE=utf8mb4_general_ci;

INSERT INTO `clients` (`client_id`, `company`, `contact_person`, `username`, `password`, `email`, `phone`, `address`) VALUES
(1,	'GEMS',	'Bikash Dahal',	'Gems123',	'Bikash321',	'Bikashabcdeu@gmail.com',	'987456321',	'New Baneshwor, Kathmandu'),
(2,	'NAMI College',	'Nischal Khadka',	'Nischal123',	'nischal123',	'namicollege@gmail.com',	'0112233',	'Jorpati, Kathmandu, Narayantar\r\n');

CREATE TABLE `enquiries` (
  `id` int(11) NOT NULL AUTO_INCREMENT,
  `first_name` varchar(50) NOT NULL,
  `surname` varchar(50) NOT NULL,
  `email` varchar(100) NOT NULL,
  `telephone` varchar(20) NOT NULL,
  `enquiry` text NOT NULL,
  `staff_id` int(11) DEFAULT NULL,
  `created_at` timestamp NULL DEFAULT current_timestamp(),
  `status` varchar(255) NOT NULL DEFAULT 'Pending',
  PRIMARY KEY (`id`),
  KEY `fk_enquiries_staff` (`staff_id`),
  CONSTRAINT `fk_enquiries_staff` FOREIGN KEY (`staff_id`) REFERENCES `staff` (`staff_id`) ON DELETE SET NULL ON UPDATE CASCADE
) ENGINE=InnoDB DEFAULT CHARSET=utf8mb4 COLLATE=utf8mb4_general_ci;

INSERT INTO `enquiries` (`id`, `first_name`, `surname`, `email`, `telephone`, `enquiry`, `staff_id`, `created_at`, `status`) VALUES
(30,	'Adam',	'loe',	'adam123@gmail.com',	'5426897',	'There are some errors in the table',	2,	'2024-04-20 21:49:27',	'Completed'),
(31,	'Lily ',	'sharma',	'lili@gmail.com',	'9841475689',	'Bugs found????',	1,	'2024-04-20 21:49:59',	'Completed');

CREATE TABLE `job` (
  `id` int(11) NOT NULL AUTO_INCREMENT,
  `title` varchar(45) DEFAULT NULL,
  `description` longblob DEFAULT NULL,
  `salary` varchar(45) DEFAULT NULL,
  `closingDate` date DEFAULT NULL,
  `categoryId` int(11) DEFAULT NULL,
  `location` varchar(255) DEFAULT NULL,
  `archived` tinyint(1) DEFAULT 0,
  `client_id` int(11) NOT NULL,
  PRIMARY KEY (`id`),
  KEY `fk_category_id` (`categoryId`),
  KEY `fk_client_id` (`client_id`),
  CONSTRAINT `fk_category_id` FOREIGN KEY (`categoryId`) REFERENCES `category` (`id`) ON DELETE CASCADE,
  CONSTRAINT `fk_client_id` FOREIGN KEY (`client_id`) REFERENCES `clients` (`client_id`) ON DELETE CASCADE ON UPDATE CASCADE
) ENGINE=InnoDB DEFAULT CHARSET=utf8mb4 COLLATE=utf8mb4_unicode_ci;

INSERT INTO `job` (`id`, `title`, `description`, `salary`, `closingDate`, `categoryId`, `location`, `archived`, `client_id`) VALUES
(39,	'Accountant Manager',	'We are looking for an Accountant to manage all financial transactions, from fixed payments and variable expenses to bank deposits and budgets.\r\n\r\nAccountant responsibilities include auditing financial documents and procedures, reconciling bank statements and calculating tax payments and returns. To be successful in this role, you should have previous experience with bookkeeping and a flair for spotting numerical mistakes.\r\n\r\nUltimately, you will provide us with accurate quantitative information on financial position, liquidity and cash flows of our business, while ensuring we’re compliant with all tax regulations.',	'£30,000 - £40,000',	'2024-05-01',	153,	'Southampton',	0,	1),
(40,	'Mechanical Engineer',	'We are looking for an innovative, dedicated engineer who has a broad and general fascination with the engineering sciences and who follows international engineering trends and technologies. The engineer’s responsibilities include defining problems, researching, interpreting, and applying information, developing solutions, and making decisions.\r\n\r\nTo be successful as an engineer, you should have a firm understanding of math and science, a deep social, economic, and cultural awareness, and an enthusiastic fondness for teamwork. Ideal candidates will display an ability to comprehend complex systems, identify the sources of any problems that arise, and decide on which actions to take to fix them.',	'£50,000 - £70,000',	'2024-04-29',	152,	'Baneswor',	0,	2);

CREATE TABLE `staff` (
  `staff_id` int(11) NOT NULL AUTO_INCREMENT,
  `username` varchar(255) NOT NULL,
  `password` varchar(255) NOT NULL,
  `full_name` varchar(255) NOT NULL,
  `email` varchar(255) NOT NULL,
  PRIMARY KEY (`staff_id`),
  UNIQUE KEY `username` (`username`)
) ENGINE=InnoDB DEFAULT CHARSET=utf8mb4 COLLATE=utf8mb4_general_ci;

INSERT INTO `staff` (`staff_id`, `username`, `password`, `full_name`, `email`) VALUES
(1,	'Pratik123',	'12345',	'Pratik Karki',	'pagan123@gmail.com'),
(2,	'Jack123',	'12345',	'Jack Reacher',	'jack12@gmail.com');

-- 2024-04-20 22:29:06